SK_ID_CURR,ext_source_3,ext_source_2,ext_source_1,days_birth,region_rating_client_w_city,region_rating_client,days_id_publish,days_last_phone_change,reg_city_not_work_city,flag_emp_phone,days_employed,floorsmax_avg,floorsmax_medi,pourcentage_jours_employes,flag_document_3,floorsmax_mode,reg_city_not_live_city,days_registration,amt_goods_price,own_car_age,region_population_relative,elevators_avg,elevators_medi,livingarea_avg,live_city_not_work_city,livingarea_medi,elevators_mode,totalarea_mode,amt_credit,floorsmin_avg,livingarea_mode,floorsmin_medi,apartments_avg,apartments_medi,flag_document_6,floorsmin_mode,apartments_mode,def_30_cnt_social_circle,flag_phone,hour_appr_process_start,def_60_cnt_social_circle,flag_work_phone,livingapartments_avg,years_build_medi,years_build_avg,years_build_mode,livingapartments_medi,livingapartments_mode,entrances_avg,entrances_medi,basementarea_avg,amt_income_total,basementarea_medi,cnt_children,entrances_mode,basementarea_mode,commonarea_avg,commonarea_medi,amt_req_credit_bureau_year,commonarea_mode,years_beginexpluatation_avg,nonlivingarea_avg,nonlivingarea_medi,years_beginexpluatation_medi,amt_annuity,nonlivingarea_mode,years_beginexpluatation_mode,pourcentage_revenu_rente,amt_req_credit_bureau_mon,flag_document_13,flag_document_8,cnt_fam_members,duree_credit,flag_document_14,landarea_medi,flag_document_16,landarea_avg,reg_region_not_work_region,obs_30_cnt_social_circle,obs_60_cnt_social_circle,flag_document_18,landarea_mode,nonlivingapartments_avg,flag_document_21,nonlivingapartments_medi,pourcentage_revenu_credit,flag_document_2,reg_region_not_live_region,flag_document_15,nonlivingapartments_mode,flag_document_9,flag_document_11,flag_document_5,flag_document_20,flag_email,amt_req_credit_bureau_day,live_region_not_work_region,flag_document_17,flag_document_4
118148,0.6389352972546337,0.6649507479855267,0.5183177172283882,0.7985343855693348,0.5,0.5,0.8453522300958732,0.43918918918918926,1.0,1.0,0.03947488614268377,0.1667,0.1667,0.9901097934781499,1.0,0.1667,1.0,0.5926556420233463,0.026936026936026935,0.09890109890109891,0.06955329696197624,0.0,0.0,0.0745,1.0,0.0749,0.0,0.0688,0.030737078651685387,0.2083,0.0731,0.2083,0.0876,0.0864,0.0,0.2083,0.084,0.0,0.0,0.4782608695652174,0.0,0.0,0.0756,0.7585,0.7552,0.7648,0.0761,0.0771,0.1379,0.1379,0.0763,0.0007424704646787951,0.0758,0.10526315789473684,0.1379,0.0746,0.0211,0.0208,0.04,0.019,0.9816,0.0036,0.0031,0.9816,0.05903825903825904,0.0011,0.9816,0.07927326490783929,0.0,0.0,0.0,0.15789473684210525,0.7580344058447794,0.0,0.0487,0.0,0.0481,0.0,0.008620689655172414,0.00872093023255814,0.0,0.0458,0.0,0.0,0.0,0.017578149676003605,0.0,0.0,0.0,0.0,0.0,0.0,0.0,0.0,0.0,0.0,0.0,0.0,0.0
406623,0.4114447370895766,0.85950756545251,0.5183177172283882,0.6328072153325817,0.5,0.5,0.37154369876337356,0.6397949673811743,0.0,1.0,0.027732901828241834,0.3333,0.3333,0.9956760470616478,1.0,0.3333,0.0,0.8165937094682231,0.10325476992143659,0.09890109890109891,0.123030269461907,0.04,0.04,0.0392,0.0,0.0399,0.0403,0.057,0.12921123595505618,0.375,0.0408,0.375,0.1113,0.1124,0.0,0.375,0.1134,0.0,0.0,0.6086956521739131,0.0,0.0,0.0908,0.792,0.7892,0.7975,0.0923,0.0992,0.0345,0.0345,0.0529,0.0007424704646787951,0.0529,0.05263157894736842,0.0345,0.0549,0.0193,0.0195,0.24,0.0195,0.9846,0.0,0.0,0.9846,0.08715338715338715,0.0,0.9846,0.11343576338437929,0.0,0.0,0.0,0.10526315789473684,0.20055396213012688,0.0,0.0406,0.0,0.0399,0.0,0.005747126436781609,0.005813953488372093,0.0,0.0408,0.0,0.0,0.0,0.05895187593084484,0.0,0.0,0.0,0.0,0.0,0.0,0.0,0.0,0.0,0.0,0.0,0.0,0.0
156741,0.6546335462011076,0.3267042272913938,0.5948882412978487,0.25507328072153324,1.0,1.0,0.4688064471307489,0.45456663560111843,0.0,0.0,0.9999999999999999,0.1667,0.1667,0.6190258601024589,0.0,0.1667,1.0,0.8067850194552529,0.0101010101010101,0.09890109890109891,0.27633000083081777,0.0,0.0,0.0745,0.0,0.0749,0.0,0.0688,0.00898876404494382,0.2083,0.0731,0.2083,0.0876,0.0864,1.0,0.2083,0.084,0.0,0.0,0.2608695652173913,0.0,0.0,0.0756,0.7585,0.7552,0.7648,0.0761,0.0771,0.1379,0.1379,0.0763,0.000550120603363045,0.0758,0.0,0.1379,0.0746,0.0211,0.0208,0.04,0.019,0.9816,0.0036,0.0031,0.9816,0.026570726570726566,0.0011,0.9816,0.049807576849188115,0.0,0.0,0.0,0.05263157894736842,0.8009513628626126,0.0,0.0487,0.0,0.0481,0.0,0.0,0.0,0.0,0.0458,0.0,0.0,0.0,0.01056498159172984,0.0,0.0,0.0,0.0,0.0,0.0,0.0,0.0,0.0,0.0,0.0,0.0,0.0
267445,0.4399507918807749,0.7348025348162766,0.5183177172283882,0.5042841037204058,0.5,0.5,0.3709879116298457,0.8944547996272134,0.0,1.0,0.038853727603711294,0.1667,0.1667,0.9887380321209864,0.0,0.1667,0.0,0.7951929312581063,0.08529741863075196,0.09890109890109891,0.4915948932399124,0.0,0.0,0.0745,0.0,0.0749,0.0,0.0688,0.08426966292134831,0.2083,0.0731,0.2083,0.0876,0.0864,0.0,0.2083,0.084,0.0,0.0,0.6956521739130435,0.0,0.0,0.0756,0.7585,0.7552,0.7648,0.0761,0.0771,0.1379,0.1379,0.0763,0.000934820325994545,0.0758,0.05263157894736842,0.1379,0.0746,0.0211,0.0208,0.04,0.019,0.9816,0.0036,0.0031,0.9816,0.0682871182871183,0.0011,0.9816,0.07540634872572573,0.0,0.0,0.0,0.10526315789473684,0.2728432899384548,0.0,0.0487,0.0,0.0481,0.0,0.0,0.0,0.0,0.0458,0.0,0.0,0.0,0.0333820111245717,0.0,0.0,0.0,0.0,0.0,0.0,0.0,0.0,0.0,0.0,0.0,0.0,0.0
196595,0.40397223726232,0.7654715759369586,0.3489300923105073,0.8870913190529874,0.5,0.5,0.7026538835625955,0.8818732525629077,0.0,1.0,0.0437864571779045,0.125,0.125,0.9873650687757064,0.0,0.125,0.0,0.8267266536964981,0.05723905723905724,0.09890109890109891,0.09670719211276828,0.0,0.0,0.0335,0.0,0.0341,0.0,0.0471,0.056179775280898875,0.1667,0.0349,0.1667,0.1216,0.1228,0.0,0.1667,0.1239,0.0,1.0,0.8260869565217391,0.0,1.0,0.0992,0.6377,0.6328,0.6472,0.1009,0.1084,0.1034,0.1034,0.0,0.000819410409205095,0.0,0.05263157894736842,0.1034,0.0,0.0062,0.0062,0.0,0.0062,0.9732,0.0237,0.0242,0.9732,0.046349596349596345,0.0251,0.9732,0.05911649042178532,0.0,0.0,0.0,0.05263157894736842,0.2728432899384548,0.0,0.0,0.0,0.0,0.0,0.0,0.0,0.0,0.0,0.0,0.0,0.0,0.026169731674535478,0.0,0.0,0.0,0.0,0.0,0.0,0.0,0.0,0.0,0.0,0.0,0.0,0.0
451281,0.5971631093494884,0.1032023272317035,0.5183177172283882,0.7788049605411498,0.5,0.5,0.554953452827567,0.8853681267474371,1.0,1.0,0.04646944448069319,0.1667,0.1667,0.985079656281363,1.0,0.1667,0.0,0.7952739948119325,0.10213243546576879,0.09890109890109891,0.123030269461907,0.0,0.0,0.0745,1.0,0.0749,0.0,0.0688,0.10112359550561796,0.2083,0.0731,0.2083,0.0876,0.0864,0.0,0.2083,0.084,0.0,0.0,0.4782608695652174,0.0,1.0,0.0756,0.7585,0.7552,0.7648,0.0761,0.0771,0.1379,0.1379,0.0763,0.0003193007697841451,0.0758,0.0,0.1379,0.0746,0.0211,0.0208,0.04,0.019,0.9816,0.0036,0.0031,0.9816,0.08381888381888382,0.0011,0.9816,0.19542240867150992,0.0,0.0,0.0,0.05263157894736842,0.2860324226949368,0.0,0.0487,0.0,0.0481,0.0,0.0028735632183908046,0.0029069767441860465,0.0,0.0458,0.0,0.0,0.0,0.08424263114235958,0.0,0.0,0.0,0.0,0.0,0.0,0.0,0.0,0.0,0.0,0.0,0.0,0.0
240966,0.4515456153692434,0.4331810248553964,0.5183177172283882,0.22581736189402468,0.5,1.0,0.36612477421147693,0.23042870456663567,0.0,1.0,0.04565254270464955,0.1667,0.1667,0.9852956435534783,1.0,0.1667,0.0,0.6366326199740597,0.05274971941638608,0.09890109890109891,0.28279653272037436,0.0,0.0,0.0745,0.0,0.0749,0.0,0.0688,0.05833033707865168,0.2083,0.0731,0.2083,0.0876,0.0864,0.0,0.2083,0.084,0.0,0.0,0.2608695652173913,0.0,0.0,0.0756,0.7585,0.7552,0.7648,0.0761,0.0771,0.1379,0.1379,0.0763,0.001127170187310295,0.0758,0.0,0.1379,0.0746,0.0211,0.0208,0.16,0.019,0.9816,0.0036,0.0031,0.9816,0.06067041067041067,0.0011,0.9816,0.05800624137790118,0.0,0.0,0.0,0.05263157894736842,0.386503125439,0.0,0.0487,0.0,0.0481,0.0,0.014367816091954023,0.014534883720930232,0.0,0.0458,0.0,0.0,0.0,0.020820505772200563,0.0,0.0,0.0,0.0,0.0,0.0,0.0,0.0,0.0,0.0,0.0,0.0,0.0
231865,0.6191295048960958,0.8114616244700363,0.5183177172283882,0.6782976324689965,0.5,0.5,0.4151729887453105,0.25069897483690584,1.0,1.0,0.043444558990486874,0.1667,0.1667,0.9868748787505136,1.0,0.1667,1.0,0.7139672503242542,0.30415263748597077,0.13186813186813187,0.4915948932399124,0.0,0.0,0.0745,0.0,0.0749,0.0,0.0688,0.3033707865168539,0.2083,0.0731,0.2083,0.0876,0.0864,0.0,0.2083,0.084,0.0,0.0,0.6956521739130435,0.0,1.0,0.0756,0.7585,0.7552,0.7648,0.0761,0.0771,0.1379,0.1379,0.0763,0.0017042197712575451,0.0758,0.0,0.1379,0.0746,0.0211,0.0208,0.08,0.019,0.9816,0.0036,0.0031,0.9816,0.12597402597402596,0.0011,0.9816,0.08024354810427035,0.0,0.0,0.0,0.05263157894736842,0.047337033311091126,0.0,0.0487,0.0,0.0481,0.0,0.0,0.0,0.0,0.0458,0.0,0.0,0.0,0.06603396718019021,0.0,0.0,0.0,0.0,0.0,0.0,0.0,0.0,0.0,0.0,0.0,0.0,0.0
153040,0.5971631093494884,0.7441800491105199,0.3032671481687819,0.8116121758737316,0.5,0.5,0.5285535639849936,0.6015843429636534,1.0,1.0,0.045639493155511475,0.1667,0.1667,0.98569900285153,1.0,0.1667,1.0,0.8499918936446174,0.0404040404040404,0.09890109890109891,0.09748262206098202,0.0,0.0,0.0745,1.0,0.0749,0.0,0.0688,0.0426629213483146,0.2083,0.0731,0.2083,0.0876,0.0864,0.0,0.2083,0.084,0.029411764705882353,0.0,0.8260869565217391,0.041666666666666664,0.0,0.0756,0.7585,0.7552,0.7648,0.0761,0.0771,0.1379,0.1379,0.0763,0.001127170187310295,0.0758,0.0,0.1379,0.0746,0.0211,0.0208,0.04,0.019,0.9816,0.0036,0.0031,0.9816,0.09361179361179361,0.0011,0.9816,0.08659684671072873,0.0,0.0,0.0,0.05263157894736842,0.9438119951667241,0.0,0.0487,0.0,0.0481,0.0,0.0028735632183908046,0.0029069767441860465,0.0,0.0458,0.0,0.0,0.0,0.016118624100191496,0.0,0.0,0.0,0.0,0.0,0.0,0.0,0.0,0.0,0.0,0.0,0.0,0.0
449789,0.744772385125158,0.20168941802871954,0.5183177172283882,0.5857948139797068,1.0,1.0,0.38849520633597323,0.9424510717614166,1.0,1.0,0.04100951312132166,0.1667,0.1667,0.9879589526849109,0.0,0.1667,0.0,0.9065742542153048,0.08417508417508417,0.17582417582417584,0.0908637735744551,0.0,0.0,0.0745,1.0,0.0749,0.0,0.0688,0.12301348314606741,0.2083,0.0731,0.2083,0.0876,0.0864,0.0,0.2083,0.084,0.0,0.0,0.30434782608695654,0.0,0.0,0.0756,0.7585,0.7552,0.7648,0.0761,0.0771,0.1379,0.1379,0.0763,0.001511869909941795,0.0758,0.05263157894736842,0.1379,0.0746,0.0211,0.0208,0.0,0.019,0.9816,0.0036,0.0031,0.9816,0.09196209196209196,0.0011,0.9816,0.06621294505746556,0.0,0.0,1.0,0.10526315789473684,0.2421723523854472,0.0,0.0487,0.0,0.0481,0.0,0.008620689655172414,0.00872093023255814,0.0,0.0458,0.0,0.0,0.0,0.031279172701648414,0.0,0.0,0.0,0.0,0.0,0.0,0.0,0.0,0.0,0.0,0.0,0.0,0.0
337543,0.6428732102244512,0.6135221461137644,0.5183177172283882,0.2947012401352873,1.0,1.0,0.5300819786021953,0.543336439888164,0.0,1.0,0.046075348096723256,0.4792,0.4792,0.9851527419864,1.0,0.3333,0.0,0.6080171854734111,0.2210998877665544,0.39560439560439564,0.27633000083081777,0.22,0.22,0.2237,0.0,0.2277,0.0806,0.2771,0.2403898876404494,0.2083,0.1003,0.2083,0.201,0.203,0.0,0.2083,0.0809,0.0,0.0,0.4782608695652174,0.0,0.0,0.0756,0.7585,0.7552,0.7648,0.0761,0.0771,0.1724,0.1724,0.1386,0.001127170187310295,0.1386,0.0,0.0345,0.033,0.0211,0.0208,0.08,0.019,0.9881,0.0075,0.0077,0.9881,0.15007020007020005,0.0051,0.9866,0.13559843294179222,0.037037037037037035,0.0,0.0,0.05263157894736842,0.17305723668895345,0.0,0.065,0.0,0.0639,0.0,0.0,0.0,0.0,0.0252,0.0,0.0,0.0,0.07545762517557442,0.0,0.0,0.0,0.0,0.0,0.0,0.0,0.0,0.0,0.0,0.0,0.0,0.0
257475,0.26802780609641497,0.7576984083276183,0.5183177172283882,0.6425028184892896,0.5,0.5,0.3865499513686258,1.0,1.0,1.0,0.03852487896543174,0.1667,0.1667,0.9896100004629541,1.0,0.1667,0.0,0.91030317769131,0.27048260381593714,0.17582417582417584,0.3928798914398072,0.0,0.0,0.0745,1.0,0.0749,0.0,0.0688,0.2696629213483146,0.2083,0.0731,0.2083,0.0876,0.0864,0.0,0.2083,0.084,0.0,0.0,0.6956521739130435,0.0,0.0,0.0756,0.7585,0.7552,0.7648,0.0761,0.0771,0.1379,0.1379,0.0763,0.001319520048626045,0.0758,0.0,0.1379,0.0746,0.0211,0.0208,0.0,0.019,0.9816,0.0036,0.0031,0.9816,0.1392067392067392,0.0011,0.9816,0.11038363629670464,0.0,0.0,0.0,0.05263157894736842,0.108360149873172,0.0,0.0487,0.0,0.0481,0.0,0.0,0.0,0.0,0.0458,0.0,0.0,0.0,0.073705209867956,0.0,0.0,0.0,0.0,0.0,0.0,0.0,0.0,0.0,0.0,0.0,0.0,0.0
318189,0.8945722900971352,0.7237138858808602,0.5867237396901468,0.5474633596392332,0.5,0.5,0.28303459774906203,0.7054986020503262,0.0,1.0,0.04186295363495191,0.25,0.25,0.9873872075561922,1.0,0.1667,0.0,0.8711494811932555,0.1919191919191919,0.09890109890109891,0.42184773879088316,0.1,0.1,0.1345,0.0,0.1369,0.0,0.1737,0.19101123595505617,0.375,0.0921,0.375,0.1376,0.139,0.0,0.375,0.0945,0.0,1.0,0.6086956521739131,0.0,0.0,0.1488,0.7518,0.7484,0.7583,0.1513,0.1625,0.1897,0.1897,0.241,0.001204110131836595,0.241,0.0,0.1724,0.1154,0.0211,0.0208,0.08,0.019,0.9811,0.0062,0.0063,0.9811,0.20566865566865566,0.0,0.9811,0.1739091607027813,0.037037037037037035,0.0,0.0,0.05263157894736842,0.4399056381872275,0.0,0.1183,0.0,0.1163,0.0,0.0028735632183908046,0.0029069767441860465,0.0,0.0268,0.0,0.0,0.0,0.05735796713415156,0.0,0.0,0.0,0.0,0.0,0.0,0.0,0.0,0.0,0.0,0.0,0.0,0.0
426417,0.5971631093494884,0.7420409744934682,0.5183177172283882,0.10484780157835383,0.5,0.5,0.3484785327219674,0.9615563839701771,0.0,0.0,0.9999999999999999,0.1667,0.1667,0.660748449954724,1.0,0.1667,0.0,0.6457522697795072,0.21436588103254767,0.09890109890109891,0.3444293666398958,0.0,0.0,0.1933,0.0,0.1968,0.0,0.1897,0.2579775280898876,0.2083,0.2014,0.2083,0.2216,0.2238,0.0,0.2083,0.2258,0.0,1.0,0.34782608695652173,0.0,0.0,0.1774,0.7451,0.7416,0.7517,0.1804,0.1938,0.4483,0.4483,0.1888,0.001127170187310295,0.1888,0.0,0.4483,0.1959,0.0277,0.0279,0.16,0.028,0.9811,0.1032,0.1054,0.9811,0.11714636714636714,0.1093,0.9811,0.10702305968426189,0.0,0.0,0.0,0.05263157894736842,0.0711693561798441,0.0,0.0631,0.0,0.062,0.0,0.0028735632183908046,0.0029069767441860465,0.0,0.0635,0.0154,0.0,0.0155,0.08073577734223807,0.0,0.0,0.0,0.0156,0.0,0.0,0.0,0.0,0.0,0.0,0.0,0.0,0.0
220643,0.36754249063399164,0.5534522573245952,0.5183177172283882,0.81510710259301,0.5,0.5,0.9292760872585799,0.7758620689655172,0.0,1.0,0.046030979629653794,0.1667,0.1667,0.9854148180169878,1.0,0.1667,0.0,0.6309987029831388,0.10213243546576879,0.09890109890109891,0.2067490099421197,0.0,0.0,0.08,0.0,0.0814,0.0,0.084,0.10112359550561796,0.1667,0.0833,0.1667,0.0784,0.0791,0.0,0.1667,0.0798,0.0,0.0,0.5652173913043478,0.0,0.0,0.0639,0.8256,0.8232,0.8301,0.065,0.0698,0.2069,0.2069,0.084,0.001319520048626045,0.084,0.0,0.2069,0.0872,0.0386,0.0388,0.08,0.0389,0.9871,0.0,0.0,0.9871,0.09975429975429975,0.0,0.9871,0.08042214418712991,0.0,0.0,0.0,0.05263157894736842,0.3747415526422383,0.0,0.0301,0.0,0.0296,0.0,0.0,0.0,0.0,0.0303,0.0,0.0,0.0,0.02944804051546103,0.0,0.0,0.0,0.0,0.0,0.0,0.0,0.0,0.0,0.0,0.0,0.0,0.0
147929,0.37829942660631166,0.3972744742467025,0.21445583534735388,0.7709131905298758,0.5,1.0,0.6112269000972628,0.9114631873252563,0.0,1.0,0.04385692474325012,0.3333,0.3333,0.9868742080998315,1.0,0.3333,0.0,0.8028534370946823,0.10213243546576879,0.09890109890109891,0.28279653272037436,0.24,0.24,0.2083,0.0,0.2121,0.2417,0.199,0.12485393258426966,0.0417,0.217,0.0417,0.2062,0.2082,0.0,0.0417,0.2101,0.0,0.0,0.5217391304347826,0.0,0.0,0.1614,0.8256,0.8232,0.8301,0.1642,0.1763,0.2069,0.2069,0.2553,0.000934820325994545,0.2553,0.0,0.2069,0.2649,0.0515,0.0518,0.2,0.0519,0.9871,0.1617,0.1651,0.9871,0.14824499824499823,0.1712,0.9871,0.15636990628872838,0.0,0.0,0.0,0.0,0.4946625758644151,0.0,0.1551,0.0,0.1524,0.0,0.0,0.0,0.0,0.1559,0.0309,0.0,0.0311,0.04759151296467942,0.0,0.0,0.0,0.0311,0.0,0.0,0.0,0.0,0.0,0.0,0.0,0.0,0.0
144094,0.7137833028779258,0.2339889401470759,0.5183177172283882,0.5422209695603155,1.0,1.0,0.3287480894817284,1.0,1.0,1.0,0.03707898892093278,0.1667,0.1667,0.9898075656851915,1.0,0.1667,0.0,0.8048800259403373,0.04601571268237935,0.09890109890109891,0.24563128305962503,0.0,0.0,0.0745,1.0,0.0749,0.0,0.0688,0.059775280898876404,0.2083,0.0731,0.2083,0.0876,0.0864,0.0,0.2083,0.084,0.0,0.0,0.3913043478260869,0.0,0.0,0.0756,0.7585,0.7552,0.7648,0.0761,0.0771,0.1379,0.1379,0.0763,0.000550120603363045,0.0758,0.0,0.1379,0.0746,0.0211,0.0208,0.04,0.019,0.9816,0.0036,0.0031,0.9816,0.05614250614250614,0.0011,0.9816,0.09472315888178014,0.0,0.0,0.0,0.05263157894736842,0.33436784264684505,0.0,0.0487,0.0,0.0481,0.0,0.0028735632183908046,0.0029069767441860465,0.0,0.0458,0.0,0.0,0.0,0.03723730232150015,0.0,0.0,0.0,0.0,0.0,0.0,0.0,0.0,0.0,0.0,0.0,0.0,0.0
360089,0.841869148273906,0.8501357645394771,0.6697941853482551,0.23382187147688827,0.0,0.0,0.7208559121856328,0.8737185461323392,0.0,0.0,0.9999999999999999,0.1667,0.1667,0.625568670207841,0.0,0.1667,1.0,0.973208495460441,0.04601571268237935,0.2087912087912088,0.4468553546207316,0.0,0.0,0.0745,0.0,0.0749,0.0,0.0688,0.04494382022471909,0.2083,0.0731,0.2083,0.0876,0.0864,0.0,0.2083,0.084,0.0,1.0,0.6521739130434783,0.0,0.0,0.0756,0.7585,0.7552,0.7648,0.0761,0.0771,0.1379,0.1379,0.0763,0.001511869909941795,0.0758,0.0,0.1379,0.0746,0.0211,0.0208,0.04,0.019,0.9816,0.0036,0.0031,0.9816,0.030870480870480867,0.0011,0.9816,0.02497294741672626,0.0,0.0,0.0,0.05263157894736842,0.1982025682647342,0.0,0.0487,0.0,0.0481,0.0,0.0,0.0,0.0,0.0458,0.0,0.0,0.0,0.013056496310833261,0.0,0.0,0.0,0.0,0.0,0.0,1.0,0.0,0.0,0.0,0.0,0.0,0.0
243266,0.5971631093494884,0.70818788170686,0.5183177172283882,0.4966741826381058,1.0,1.0,0.39766569403918295,0.7847157502329916,1.0,1.0,0.045863945400686404,0.0,0.0,0.9853134420957042,1.0,0.0,0.0,0.8497892347600519,0.15824915824915822,0.2527472527472528,0.24563128305962503,0.0,0.0,0.0087,1.0,0.0089,0.0,0.0072,0.15730337078651685,0.2083,0.0091,0.2083,0.0876,0.0864,0.0,0.2083,0.084,0.0,0.0,0.30434782608695654,0.0,0.0,0.0756,0.7585,0.7552,0.7648,0.0761,0.0771,0.069,0.069,0.0763,0.000934820325994545,0.0758,0.0,0.069,0.0746,0.0211,0.0208,0.04,0.019,0.9826,0.0036,0.0031,0.9826,0.0957002457002457,0.0011,0.9826,0.10316426727564015,0.0,0.0,0.0,0.05263157894736842,0.16290128454121183,0.0,0.0193,0.0,0.0189,0.0,0.0,0.0,0.0,0.0194,0.0,0.0,0.0,0.05895282008379102,0.0,0.0,0.0,0.0,0.0,0.0,0.0,0.0,0.0,0.0,0.0,0.0,0.0
295424,0.4848850626588942,0.6603281521252808,0.1518521969198597,0.7034385569334836,0.5,0.5,0.32444073919688754,1.0,0.0,1.0,0.045639493155511475,0.1667,0.1667,0.9855765210133012,1.0,0.1667,0.0,0.6862435149156939,0.21436588103254767,0.3296703296703297,0.1433576116757595,0.0,0.0,0.0903,0.0,0.0919,0.0,0.0768,0.24017977528089887,0.2083,0.094,0.2083,0.1031,0.1041,0.0,0.2083,0.105,0.0,0.0,0.5217391304347826,0.0,0.0,0.0756,0.7585,0.7552,0.7648,0.0761,0.0771,0.2069,0.2069,0.1131,0.0030506688004677948,0.1131,0.05263157894736842,0.2069,0.1174,0.0211,0.0208,0.08,0.019,0.9767,0.0,0.0,0.9767,0.1947174447174447,0.0,0.9767,0.07172048517194858,0.0,0.0,0.0,0.10526315789473684,0.2844572854668126,0.0,0.0628,0.0,0.0617,1.0,0.0,0.0,0.0,0.0631,0.0,0.0,0.0,0.03101144671752877,0.0,0.0,0.0,0.0,0.0,0.0,0.0,0.0,0.0,0.0,1.0,0.0,0.0
254871,0.7429824893498523,0.7964425510458113,0.5183177172283882,0.30958286358511833,0.5,0.5,0.55092399610949,0.8385368126747437,1.0,1.0,0.04033876629562448,0.1667,0.1667,0.9874659006548897,1.0,0.1667,0.0,0.5520833333333334,0.10213243546576879,0.04395604395604396,0.42184773879088316,0.0,0.0,0.0745,1.0,0.0749,0.0,0.0688,0.11892134831460674,0.2083,0.0731,0.2083,0.0876,0.0864,0.0,0.2083,0.084,0.0,0.0,0.4782608695652174,0.0,0.0,0.0756,0.7585,0.7552,0.7648,0.0761,0.0771,0.1379,0.1379,0.0763,0.0030506688004677948,0.0758,0.0,0.1379,0.0746,0.0211,0.0208,0.08,0.019,0.9816,0.0036,0.0031,0.9816,0.11705861705861706,0.0011,0.9816,0.04396674797603729,0.0,0.0,0.0,0.05263157894736842,0.37716954594781826,0.0,0.0487,0.0,0.0481,1.0,0.0,0.0,0.0,0.0458,0.0,0.0,0.0,0.016027184077462082,0.0,0.0,0.0,0.0,0.0,0.0,0.0,0.0,0.0,0.0,1.0,0.0,0.0
217282,0.510755258936201,0.7982017543922771,0.5183177172283882,0.11967305524238991,0.5,0.5,0.4240655828817562,0.7297297297297297,0.0,0.0,0.9999999999999999,0.1667,0.1667,0.6570590198792332,1.0,0.1667,0.0,0.5315337224383917,0.43883277216610544,0.09890109890109891,0.3367581489379379,0.0,0.0,0.1022,0.0,0.1041,0.0,0.1069,0.4809168539325842,0.2083,0.1065,0.2083,0.1289,0.1301,0.0,0.2083,0.1313,0.0,1.0,0.5652173913043478,0.0,0.0,0.1009,0.6779999999999999,0.6736,0.6864,0.1026,0.1102,0.2069,0.2069,0.1163,0.003243018661783545,0.1163,0.0,0.2069,0.1207,0.0485,0.0488,0.08,0.0489,0.9762,0.0,0.0,0.9762,0.22727272727272727,0.0,0.9762,0.07871763265005396,0.0,0.0,0.0,0.05263157894736842,0.08120748496000912,0.0,0.0853,0.0,0.0838,0.0,0.0,0.0,0.0,0.0857,0.0193,0.0,0.0194,0.05738132995780495,0.0,0.0,0.0,0.0195,0.0,0.0,0.0,0.0,0.0,0.0,0.0,0.0,0.0
298054,0.34823481097477,0.46806462668104726,0.5183177172283882,0.5380496054114993,0.5,0.5,0.6975128525774628,0.8399347623485555,0.0,1.0,0.04428755986480667,0.2396,0.1667,0.986132151089435,1.0,0.1667,0.0,0.9746271076523995,0.10213243546576879,0.09890109890109891,0.3928798914398072,0.02,0.0,0.0686,0.0,0.0693,0.0,0.0764,0.10112359550561796,0.2812,0.0701,0.2083,0.0992,0.1041,0.0,0.2083,0.105,0.0,1.0,0.5217391304347826,0.0,0.0,0.0796,0.6713,0.6736,0.6798,0.0851,0.0918,0.1379,0.1724,0.0485,0.001127170187310295,0.0629,0.0,0.1724,0.0045,0.0409,0.0463,0.08,0.0202,0.9762,0.0177,0.0022,0.9757,0.09078624078624078,0.0,0.9757,0.08414448258788097,0.0,0.0,0.0,0.05263157894736842,0.3248182427269618,0.0,0.0693,0.0,0.0687,0.0,0.011494252873563218,0.011627906976744186,0.0,0.0562,0.0058,0.0,0.0039,0.033663009025222464,0.0,0.0,0.0,0.0039,0.0,0.0,0.0,0.0,0.0,0.0,0.0,0.0,0.0
311879,0.7946867319028023,0.8963519599273729,0.5183177172283882,0.09312288613303266,0.0,0.0,0.3807141864665833,0.48858341099720415,0.0,0.0,0.9999999999999999,0.3333,0.3333,0.6636080355170944,1.0,0.3333,0.0,0.4892996108949417,0.21436588103254767,0.09890109890109891,1.0,0.32,0.32,0.2825,0.0,0.2875,0.3222,0.2229,0.24462921348314606,0.375,0.2943,0.375,0.2938,0.2967,0.0,0.375,0.2994,0.0,0.0,0.43478260869565216,0.0,0.0,0.2396,0.7316,0.728,0.7387,0.2437,0.2617,0.2759,0.2759,0.1922,0.003627718384415045,0.1922,0.0,0.2759,0.1995,0.0,0.0,0.16,0.0,0.9801,0.0156,0.0159,0.9801,0.21100386100386098,0.0165,0.9801,0.06589188675925697,0.07407407407407407,0.0,0.0,0.0,0.3155740516453467,0.0,0.0,0.0,0.0,0.0,0.031609195402298854,0.03197674418604651,0.0,0.0,0.0,0.0,0.0,0.026818574560331463,0.0,0.0,0.0,0.0,0.0,0.0,0.0,0.0,0.0,0.0,0.0,0.0,0.0
326011,0.5971631093494884,0.6279237473707595,0.37835826206287665,0.6905862457722659,0.5,0.5,0.2589968042239822,0.8942218080149115,0.0,1.0,0.04152105544753429,0.1667,0.1667,0.9880860316932858,1.0,0.1667,0.0,0.7892752918287937,0.07182940516273849,0.07692307692307693,0.19626685867789193,0.0,0.0,0.0897,0.0,0.0913,0.0,0.0706,0.08811011235955055,0.2083,0.0935,0.2083,0.0928,0.0937,0.0,0.2083,0.0945,0.0,1.0,0.2608695652173913,0.0,0.0,0.0756,0.7585,0.7552,0.7648,0.0761,0.0771,0.2069,0.2069,0.0763,0.00047318065883674505,0.0758,0.05263157894736842,0.2069,0.0746,0.0211,0.0208,0.0,0.019,0.9816,0.0,0.0,0.9816,0.1167953667953668,0.0,0.9816,0.20762076230534374,0.0,0.0,0.0,0.10526315789473684,0.559367318905521,0.0,0.0487,0.0,0.0481,0.0,0.0,0.0,0.0,0.0458,0.0,0.0,0.0,0.057915563166522174,0.0,0.0,0.0,0.0,0.0,0.0,0.0,0.0,0.0,0.0,0.0,0.0,0.0
383119,0.480930265324398,0.06333649021058353,0.09569028786046989,0.6061443066516347,1.0,1.0,0.6558288175628734,0.9370922646784716,0.0,1.0,0.0442927796844619,0.1667,0.1667,0.9862333400361614,1.0,0.1667,0.0,0.9946092736705577,0.2008978675645342,0.15384615384615385,0.28279653272037436,0.0,0.0,0.0745,0.0,0.0749,0.0,0.0688,0.23067191011235952,0.2083,0.0731,0.2083,0.0876,0.0864,0.0,0.2083,0.084,0.0,0.0,0.2608695652173913,0.0,0.0,0.0756,0.7585,0.7552,0.7648,0.0761,0.0771,0.1379,0.1379,0.0763,0.0018965696325732948,0.0758,0.05263157894736842,0.1379,0.0746,0.0211,0.0208,0.12,0.019,0.9816,0.0036,0.0031,0.9816,0.23567918567918567,0.0011,0.9816,0.13352964016961008,0.0,0.0,0.0,0.10526315789473684,0.41002461358915665,0.0,0.0487,0.0,0.0481,0.0,0.0,0.0,0.0,0.0458,0.0,0.0,0.0,0.04614195208532966,0.0,0.0,0.0,0.0,0.0,0.0,0.0,0.0,0.0,0.0,0.0,0.0,0.0
130752,0.5971631093494884,0.5511065310050307,0.32843692890162635,0.696335963923337,0.5,0.5,0.9477560094483812,0.9270736253494875,0.0,1.0,0.04492959768240007,0.1667,0.1667,0.9860078574399838,1.0,0.1667,0.0,0.913991569390402,0.04601571268237935,0.09890109890109891,0.123030269461907,0.0,0.0,0.0701,0.0,0.0714,0.0,0.0608,0.06593595505617977,0.2083,0.0731,0.2083,0.0928,0.0937,0.0,0.2083,0.0945,0.0,0.0,0.4782608695652174,0.0,0.0,0.0756,0.7585,0.7552,0.7648,0.0761,0.0771,0.069,0.069,0.1113,0.000934820325994545,0.1113,0.15789473684210525,0.069,0.1155,0.0211,0.0208,0.08,0.019,0.9841,0.0259,0.0264,0.9841,0.09677079677079677,0.0274,0.9841,0.10424828330095692,0.0,0.0,0.0,0.21052631578947367,0.6197544769014937,0.0,0.0503,0.0,0.0495,0.0,0.005747126436781609,0.005813953488372093,0.0,0.0506,0.0,0.0,0.0,0.026962951281685823,0.0,0.0,0.0,0.0,0.0,0.0,0.0,0.0,0.0,0.0,0.0,0.0,0.0
264474,0.6270735086641673,0.4406203437593628,0.5183177172283882,0.1348365276211949,1.0,1.0,0.35653744615812133,0.7479030754892824,0.0,0.0,0.9999999999999999,0.1667,0.1667,0.6531975122970999,0.0,0.1667,0.0,0.6011673151750974,0.13580246913580246,0.09890109890109891,0.14215292586335815,0.0,0.0,0.0745,0.0,0.0749,0.0,0.0688,0.16375280898876404,0.2083,0.0731,0.2083,0.0876,0.0864,1.0,0.2083,0.084,0.0,0.0,0.4782608695652174,0.0,0.0,0.0756,0.7585,0.7552,0.7648,0.0761,0.0771,0.1379,0.1379,0.0763,0.000819410409205095,0.0758,0.0,0.1379,0.0746,0.0211,0.0208,0.08,0.019,0.9816,0.0036,0.0031,0.9816,0.0736047736047736,0.0011,0.9816,0.08978091459877859,0.0,0.0,0.0,0.05263157894736842,0.06997119383115846,0.0,0.0487,0.0,0.0481,0.0,0.028735632183908046,0.029069767441860465,0.0,0.0458,0.0,0.0,0.0,0.06801843679856381,0.0,0.0,0.0,0.0,0.0,0.0,0.0,0.0,0.0,0.0,0.0,0.0,0.0
307522,0.9143569241335632,0.31030619370401713,0.5183177172283882,0.525422773393461,0.5,0.5,0.33013755731554806,0.8942218080149115,0.0,1.0,0.039644530281478775,0.1667,0.1667,0.9884338395715158,1.0,0.1667,0.0,0.6808122568093385,0.09539842873176206,0.09890109890109891,0.3444293666398958,0.0,0.0,0.0745,0.0,0.0749,0.0,0.0688,0.12784157303370786,0.2083,0.0731,0.2083,0.0876,0.0864,0.0,0.2083,0.084,0.0,1.0,0.5217391304347826,0.0,0.0,0.0756,0.7585,0.7552,0.7648,0.0761,0.0771,0.1379,0.1379,0.0763,0.001319520048626045,0.0758,0.10526315789473684,0.1379,0.0746,0.0211,0.0208,0.16,0.019,0.9816,0.0036,0.0031,0.9816,0.0898911898911899,0.0011,0.9816,0.07293177115973624,0.0,0.0,0.0,0.15789473684210525,0.2169656457922033,0.0,0.0487,0.0,0.0481,0.0,0.0,0.0,0.0,0.0458,0.0,0.0,0.0,0.03646398204901422,0.0,0.0,0.0,0.0,0.0,0.0,0.0,0.0,0.0,0.0,0.0,0.0,0.0
433724,0.8251246298273309,0.8111953306849322,0.5183177172283882,0.3334272829763245,0.0,0.0,0.6524940947617062,0.9263746505125816,0.0,1.0,0.036825827667654076,0.4062,0.3333,0.9889677251525814,1.0,0.3333,0.0,0.6340791180285343,0.05723905723905724,0.09890109890109891,0.4468553546207316,0.6,0.6,0.4678,0.0,0.395,0.5639,0.2567,0.07753707865168538,0.1042,0.3299,0.1042,0.568,0.5735,0.0,0.0417,0.5725,0.0,0.0,0.8260869565217391,0.0,1.0,0.4631,0.8256,0.8232,0.8236,0.4712,0.5005,0.3707,0.3103,0.378,0.002088919493889045,0.378,0.0,0.3103,0.2875,0.0871,0.0877,0.08,0.0,0.9871,0.0,0.0,0.9876,0.04508599508599508,0.0,0.9876,0.025897026651422517,0.07407407407407407,0.0,0.0,0.05263157894736842,0.1464184991040785,1.0,0.2931,0.0,0.2881,0.0,0.0028735632183908046,0.0029069767441860465,0.0,0.1883,0.0,0.0,0.0,0.015484018441361814,0.0,0.0,0.0,0.0,0.0,0.0,0.0,0.0,0.0,0.0,0.0,0.0,0.0
137792,0.8282177766797684,0.5452980545526523,0.5183177172283882,0.5329199549041712,1.0,1.0,0.6704182298179797,0.8711556383970177,0.0,1.0,0.04252848064099385,0.1667,0.1667,0.987011046452245,0.0,0.1667,0.0,0.6654507133592737,0.051627384960718295,0.09890109890109891,0.0832894846160237,0.0,0.0,0.0745,0.0,0.0749,0.0,0.0688,0.05056179775280898,0.2083,0.0731,0.2083,0.0876,0.0864,0.0,0.2083,0.084,0.029411764705882353,0.0,0.17391304347826086,0.041666666666666664,0.0,0.0756,0.7585,0.7552,0.7648,0.0761,0.0771,0.1379,0.1379,0.0763,0.000934820325994545,0.0758,0.0,0.1379,0.0746,0.0211,0.0208,0.12,0.019,0.9816,0.0036,0.0031,0.9816,0.04196209196209196,0.0011,0.9816,0.04875021695564143,0.0,0.0,0.0,0.05263157894736842,0.2728432899384548,0.0,0.0487,0.0,0.0481,0.0,0.0028735632183908046,0.0029069767441860465,0.0,0.0458,0.0,0.0,0.0,0.0215800992972397,0.0,0.0,0.0,0.0,0.0,0.0,0.0,0.0,0.0,0.0,0.0,0.0,0.0
288742,0.49281662598978504,0.7313324130915784,0.5183177172283882,0.5616121758737316,0.5,0.5,0.767542031401973,0.5372786579683131,0.0,1.0,0.03684931685610262,0.0417,0.0417,0.990038032899062,1.0,0.0417,0.0,0.9980544747081712,0.10213243546576879,0.09890109890109891,0.36143343764712393,0.0,0.0,0.0091,0.0,0.0093,0.0,0.0072,0.11892134831460674,0.2083,0.0095,0.2083,0.0124,0.0125,0.0,0.2083,0.0126,0.0,0.0,0.43478260869565216,0.0,0.0,0.0756,0.7585,0.7552,0.7648,0.0761,0.0771,0.069,0.069,0.0763,0.002088919493889045,0.0758,0.0,0.069,0.0746,0.0211,0.0208,0.2,0.019,0.9752,0.0,0.0,0.9752,0.11705861705861706,0.0,0.9752,0.06233595878112773,0.0,0.0,0.0,0.0,0.37716954594781826,0.0,0.0487,0.0,0.0481,0.0,0.0,0.0,0.0,0.0458,0.0,0.0,0.0,0.022728818715100015,0.0,0.0,0.0,0.0,0.0,0.0,0.0,0.0,0.0,0.0,0.0,0.0,0.0
218871,0.711925041781291,0.4661934021878175,0.5183177172283882,0.7565388951521983,0.5,0.5,0.45532860914269835,0.7448741845293569,1.0,1.0,0.046049248998447104,0.1667,0.1667,0.9853559238992816,0.0,0.1667,0.0,0.9453631647211413,0.03479236812570145,0.09890109890109891,0.2604752277825473,0.0,0.0,0.0745,1.0,0.0749,0.0,0.0688,0.033707865168539325,0.2083,0.0731,0.2083,0.0876,0.0864,0.0,0.2083,0.084,0.0,1.0,0.7391304347826086,0.0,1.0,0.0756,0.7585,0.7552,0.7648,0.0761,0.0771,0.1379,0.1379,0.0763,0.000357770742047295,0.0758,0.05263157894736842,0.1379,0.0746,0.0211,0.0208,0.04,0.019,0.9816,0.0036,0.0031,0.9816,0.0287995787995788,0.0011,0.9816,0.07096366009737834,0.0,0.0,0.0,0.10526315789473684,0.2728432899384548,0.0,0.0487,0.0,0.0481,0.0,0.022988505747126436,0.023255813953488372,0.0,0.0458,0.0,0.0,0.0,0.031415025820016367,0.0,0.0,0.0,0.0,0.0,0.0,0.0,0.0,0.0,0.0,0.0,0.0,0.0
248757,0.5027682004785203,0.7591152177384468,0.7528565467499683,0.10715896279594128,0.5,0.5,0.28595248020008335,0.8874650512581547,0.0,1.0,0.04157847346374183,0.1667,0.1667,0.9866463615070751,1.0,0.1667,0.0,0.9257457846952011,0.15824915824915822,0.07692307692307693,0.42184773879088316,0.0,0.0,0.0745,0.0,0.0749,0.0,0.0688,0.15730337078651685,0.2083,0.0731,0.2083,0.0876,0.0864,0.0,0.2083,0.084,0.0,0.0,0.43478260869565216,0.0,0.0,0.0756,0.7585,0.7552,0.7648,0.0761,0.0771,0.1379,0.1379,0.0763,0.001319520048626045,0.0758,0.0,0.1379,0.0746,0.0211,0.0208,0.12,0.019,0.9816,0.0036,0.0031,0.9816,0.0660933660933661,0.0011,0.9816,0.05485891381961908,0.0,0.0,0.0,0.05263157894736842,0.05302441066375402,0.0,0.0487,0.0,0.0481,0.0,0.0,0.0,0.0,0.0458,0.0,0.0,0.0,0.044200430299626024,0.0,0.0,1.0,0.0,0.0,0.0,0.0,0.0,0.0,0.0,0.0,0.0,0.0
195602,0.47107842838684205,0.5255752577564284,0.16047537185462515,0.9607102593010145,1.0,1.0,0.8831457551757677,0.7940354147250699,1.0,1.0,0.045193198574989234,0.1667,0.1667,0.9863951677818765,1.0,0.1667,1.0,0.8767428664072633,0.04713804713804713,0.09890109890109891,0.24563128305962503,0.0,0.0,0.0745,0.0,0.0749,0.0,0.0688,0.0551438202247191,0.2083,0.0731,0.2083,0.0876,0.0864,0.0,0.2083,0.084,0.0,0.0,0.30434782608695654,0.0,0.0,0.0756,0.7585,0.7552,0.7648,0.0761,0.0771,0.1379,0.1379,0.0763,0.001319520048626045,0.0758,0.0,0.1379,0.0746,0.0211,0.0208,0.2,0.019,0.9816,0.0036,0.0031,0.9816,0.0756054756054756,0.0011,0.9816,0.062082725529311926,0.0,0.0,0.0,0.0,0.5561386110660713,0.0,0.0487,0.0,0.0481,0.0,0.005747126436781609,0.005813953488372093,0.0,0.0458,0.0,0.0,0.0,0.017374094620509033,0.0,0.0,0.0,0.0,0.0,0.0,0.0,0.0,0.0,0.0,0.0,0.0,0.0
384376,0.5971631093494884,0.8732725696156696,0.5183177172283882,0.27153325817361873,0.0,0.0,0.49993052660830894,0.2518639328984157,0.0,1.0,0.0250420847959703,0.625,0.625,0.9933354363861769,0.0,0.625,0.0,0.5419909208819715,0.15824915824915822,0.2197802197802198,1.0,0.24,0.24,0.2767,0.0,0.2816,0.2417,0.2406,0.1773258426966292,0.2083,0.2883,0.2083,0.2784,0.281,0.0,0.2083,0.2836,0.0,0.0,0.6086956521739131,0.0,0.0,0.0756,0.7585,0.7552,0.7648,0.0761,0.0771,0.1034,0.1034,0.0219,0.002473619216520545,0.0219,0.0,0.1034,0.0227,0.0211,0.0208,0.04,0.019,0.9821,0.1056,0.1078,0.9821,0.11049491049491049,0.1118,0.9821,0.05056537259522337,0.0,0.0,0.0,0.05263157894736842,0.17178115341099004,0.0,0.0,0.0,0.0,0.0,0.008620689655172414,0.00872093023255814,0.0,0.0,0.0,0.0,0.0,0.028237501559457548,0.0,0.0,0.0,0.0,0.0,0.0,1.0,0.0,0.0,0.0,0.0,0.0,0.0
332691,0.677880562879523,0.7447126224783464,0.514940677576295,0.782074408117249,0.5,0.5,0.440739196887592,0.5684995340167753,0.0,1.0,0.03970716811734154,0.1667,0.1667,0.9898128899004853,0.0,0.1667,0.0,0.913991569390402,0.2514029180695847,0.09890109890109891,0.42979589576005983,0.0,0.0,0.0745,0.0,0.0749,0.0,0.0688,0.25816404494382017,0.2083,0.0731,0.2083,0.0876,0.0864,0.0,0.2083,0.084,0.0,0.0,0.3913043478260869,0.0,0.0,0.0756,0.7585,0.7552,0.7648,0.0761,0.0771,0.1379,0.1379,0.0763,0.003627718384415045,0.0758,0.0,0.1379,0.0746,0.0211,0.0208,0.08,0.019,0.9816,0.0036,0.0031,0.9816,0.39373464373464373,0.0011,0.9816,0.12140061555728048,0.037037037037037035,0.0,1.0,0.0,0.7131423711312538,0.0,0.0487,0.0,0.0481,0.0,0.005747126436781609,0.005813953488372093,0.0,0.0458,0.0,0.0,0.0,0.028240232859051875,0.0,0.0,0.0,0.0,0.0,0.0,0.0,0.0,0.0,0.0,0.0,0.0,0.0
250754,0.4496062272795158,0.6874474663344072,0.5183177172283882,0.6832581736189401,0.0,0.0,0.39710990690565506,0.8958527493010252,0.0,1.0,0.039615821273375006,0.3333,0.3333,0.9892092633268811,0.0,0.3333,0.0,0.7061040856031129,0.03479236812570145,0.09890109890109891,0.6359910271677421,0.24,0.24,0.2322,0.0,0.2363,0.2417,0.2288,0.033707865168539325,0.375,0.2419,0.375,0.2237,0.2259,0.0,0.375,0.2279,0.0,0.0,0.5217391304347826,0.0,0.0,0.1816,0.7786,0.7756,0.7844,0.1847,0.1983,0.2069,0.2069,0.1264,0.0007424704646787951,0.1264,0.05263157894736842,0.2069,0.1312,0.0841,0.0846,0.0,0.0848,0.9836,0.0011,0.0011,0.9836,0.0287995787995788,0.0012,0.9836,0.04253045287595511,0.0,0.0,0.0,0.10526315789473684,0.2728432899384548,0.0,0.1058,0.0,0.104,0.0,0.0028735632183908046,0.0029069767441860465,0.0,0.1064,0.0039,0.0,0.0039,0.018826319870862238,0.0,0.0,0.0,0.0039,0.0,0.0,0.0,0.0,0.0,0.0,0.0,0.0,0.0
247525,0.2607398330468527,0.8636060644839567,0.45983941221720015,0.2737880496054115,0.5,0.5,0.5081283868278449,0.6968779123951538,0.0,0.0,0.9999999999999999,0.3333,0.3333,0.6130634946744753,1.0,0.3333,0.0,0.5534614137483788,0.06285072951739619,0.2967032967032967,0.25400869589299063,0.24,0.24,0.2282,0.0,0.2323,0.2417,0.2258,0.07722247191011235,0.2083,0.2378,0.2083,0.2227,0.2248,0.0,0.2083,0.2269,0.029411764705882353,0.0,0.4782608695652174,0.0,0.0,0.0756,0.7585,0.7552,0.7648,0.0761,0.0771,0.2069,0.2069,0.1565,0.001127170187310295,0.1565,0.0,0.2069,0.1625,0.0211,0.0208,0.12,0.019,0.9851,0.0,0.0,0.9851,0.04629694629694629,0.0,0.9851,0.04553117170950174,0.0,0.0,0.0,0.05263157894736842,0.15626872367336542,0.0,0.0487,0.0,0.0481,0.0,0.0028735632183908046,0.0029069767441860465,0.0,0.0458,0.0,0.0,0.0,0.026490144214050854,0.0,0.0,0.0,0.0,0.0,0.0,0.0,0.0,0.0,0.0,0.0,0.0,0.0
231034,0.5308007225138552,0.7797834619366566,0.5183177172283882,0.24064261555806077,0.5,0.5,0.38488258996804214,0.8431966449207828,0.0,0.0,0.9999999999999999,0.1667,0.1667,0.6234943714056459,0.0,0.1667,0.0,0.9560635538261998,0.05723905723905724,0.09890109890109891,0.06721316015397823,0.0,0.0,0.0745,0.0,0.0749,0.0,0.0688,0.056179775280898875,0.2083,0.0731,0.2083,0.0876,0.0864,0.0,0.2083,0.084,0.0,1.0,0.4782608695652174,0.0,0.0,0.0756,0.7585,0.7552,0.7648,0.0761,0.0771,0.1379,0.1379,0.0763,0.00072323547854722,0.0758,0.0,0.1379,0.0746,0.0211,0.0208,0.08,0.019,0.9816,0.0036,0.0031,0.9816,0.046349596349596345,0.0011,0.9816,0.06516096474606747,0.0,0.0,0.0,0.05263157894736842,0.2728432899384548,0.0,0.0487,0.0,0.0481,0.0,0.0,0.0,0.0,0.0458,0.0,0.0,0.0,0.028845902156923686,0.0,0.0,0.0,0.0,0.0,0.0,0.0,0.0,0.0,0.0,0.0,0.0,0.0
326174,0.8358562226938949,0.803958417629018,0.5183177172283882,0.4873167981961667,0.5,0.5,0.9806863971099069,0.6463187325256291,0.0,1.0,0.04240842478892354,0.375,0.375,0.9869648694175386,0.0,0.375,0.0,0.9876783398184177,0.12457912457912458,0.07692307692307693,0.1433576116757595,0.08,0.08,0.0835,0.0,0.085,0.0806,0.0704,0.12359550561797752,0.25,0.087,0.25,0.067,0.0677,0.0,0.25,0.0683,0.0,0.0,0.5652173913043478,0.0,0.0,0.0538,0.9866,0.9864,0.9869,0.0547,0.0588,0.069,0.069,0.0459,0.001127170187310295,0.0459,0.05263157894736842,0.069,0.0476,0.0178,0.0179,0.08,0.0179,0.999,0.0076,0.0077,0.999,0.098999648999649,0.008,0.999,0.09127309382696637,0.0,0.0,0.0,0.10526315789473684,0.2728432899384548,0.0,0.0404,0.0,0.0398,0.0,0.0,0.0,0.0,0.0407,0.0039,0.0,0.0039,0.04040695864084074,0.0,0.0,0.0,0.0039,0.0,0.0,0.0,0.0,0.0,0.0,0.0,0.0,0.0
345998,0.6191295048960958,0.35207132010471176,0.5183177172283882,0.314205186020293,0.5,0.5,0.5612060580797554,0.5666356011183598,0.0,1.0,0.042614607665305164,0.1667,0.1667,0.9865565778803795,1.0,0.1667,0.0,0.9270428015564203,0.15824915824915822,0.18681318681318682,0.3928798914398072,0.0,0.0,0.0635,0.0,0.0646,0.0,0.0656,0.15730337078651685,0.2083,0.0661,0.2083,0.0825,0.0833,0.0,0.2083,0.084,0.0,0.0,0.4782608695652174,0.0,1.0,0.0672,0.6847,0.6804,0.6929,0.0684,0.0735,0.1379,0.1379,0.0806,0.001319520048626045,0.0806,0.0,0.1379,0.0836,0.0069,0.0069999999999999,0.0,0.0069999999999999,0.9767,0.0,0.0,0.9767,0.07862407862407862,0.0,0.9767,0.06437515286153918,0.0,0.0,0.0,0.0,0.0995283157903129,0.0,0.0145,0.0,0.0142,0.0,0.0,0.0,0.0,0.0146,0.0,0.0,0.0,0.044200430299626024,0.0,0.0,0.0,0.0,0.0,0.0,0.0,0.0,0.0,0.0,0.0,0.0,0.0
142155,0.5971631093494884,0.7763832537333694,0.3188112398551587,0.8188838782412625,0.5,0.5,0.8592469084340697,0.6502795899347624,1.0,1.0,0.04293823648392948,0.1667,0.1667,0.9877144933511532,1.0,0.1667,0.0,0.8729328793774319,0.10213243546576879,0.09890109890109891,0.42979589576005983,0.0,0.0,0.0663,1.0,0.0675,0.0,0.0874,0.12485393258426966,0.2083,0.0691,0.2083,0.1237,0.1249,0.0,0.2083,0.1261,0.0,0.0,0.5217391304347826,0.0,0.0,0.1009,0.7652,0.762,0.7713,0.1026,0.1102,0.2759,0.2759,0.1296,0.001127170187310295,0.1296,0.05263157894736842,0.2759,0.1345,0.0645,0.0649,0.04,0.0651,0.9826,0.0,0.0,0.9826,0.0932958932958933,0.0,0.9826,0.08632266935537929,0.0,0.0,0.0,0.05263157894736842,0.24211123614289443,0.0,0.0479,0.0,0.0471,0.0,0.0028735632183908046,0.0029069767441860465,0.0,0.0482,0.0,0.0,0.0,0.04078461981931537,0.0,0.0,0.0,0.0,0.0,0.0,0.0,0.0,0.0,0.0,0.0,0.0,0.0
222772,0.5770849130220977,0.8013648272036438,0.5183177172283882,0.780890642615558,0.5,0.5,0.8363206891760455,0.7590866728797763,0.0,1.0,0.043640302227558034,0.3333,0.3333,0.9870564674423113,1.0,0.3333,0.0,0.5651750972762646,0.159371492704826,0.01098901098901099,0.36143343764712393,0.04,0.04,0.0411,0.0,0.0418,0.0403,0.0323,0.16850449438202245,0.2083,0.0428,0.2083,0.0371,0.0375,0.0,0.2083,0.0378,0.0,1.0,0.6956521739130435,0.0,1.0,0.0756,0.7585,0.7552,0.7648,0.0761,0.0771,0.0345,0.0345,0.0256,0.000550120603363045,0.0256,0.0,0.0345,0.0265,0.0211,0.0208,0.0,0.019,0.9841,0.0,0.0,0.9841,0.18206388206388205,0.0,0.9841,0.2859809043321348,0.0,0.0,0.0,0.05263157894736842,0.4398494574724793,0.0,0.0421,0.0,0.0414,0.0,0.008620689655172414,0.00872093023255814,0.0,0.0423,0.0,0.0,0.0,0.09434026260245464,0.0,0.0,0.0,0.0,0.0,0.0,0.0,0.0,0.0,0.0,0.0,0.0,0.0
374678,0.3081171276725957,0.8992398895525805,0.5183177172283882,0.2190529875986471,0.0,0.0,0.6517993608447964,0.5952935694315005,0.0,1.0,0.034693531338492255,0.375,0.3333,0.9893734936150391,1.0,0.3333,0.0,0.526791504539559,0.10213243546576879,0.09890109890109891,1.0,0.24,0.24,0.2144,0.0,0.2172,0.0806,0.1678,0.10853932584269661,0.4167,0.093,0.375,0.2278,0.2238,0.0,0.375,0.1029,0.0,1.0,0.7826086956521738,0.0,0.0,0.1847,0.7048,0.6940000000000001,0.706,0.1838,0.09,0.2,0.2069,0.1368,0.003627718384415045,0.1406,0.0,0.0345,0.0402,0.0676,0.0708,0.12,0.0252,0.9776,0.0187,0.0,0.9781,0.21623376623376622,0.0,0.9777,0.067480592212754,0.037037037037037035,0.0,0.0,0.05263157894736842,0.9464596179222158,0.0,0.0,0.0,0.0,0.0,0.005747126436781609,0.005813953488372093,0.0,0.0,0.0046,0.0,0.0,0.012524098955066952,0.0,0.0,0.0,0.0,0.0,0.0,0.0,0.0,0.0,0.0,0.0,0.0,0.0
104361,0.6565853210507362,0.6483201542835844,0.5183177172283882,0.5943066516347236,0.5,0.5,0.2609420591913296,0.7893755824790307,0.0,1.0,0.04306351215565502,0.1667,0.1667,0.9868791888474021,0.0,0.1667,0.0,0.9126945525291829,0.08529741863075196,0.09890109890109891,0.26861724223877564,0.0,0.0,0.09,0.0,0.0916,0.0,0.0708,0.08426966292134831,0.2083,0.0937,0.2083,0.1031,0.1041,0.0,0.2083,0.105,0.058823529411764705,0.0,0.3913043478260869,0.08333333333333333,0.0,0.0841,0.6914,0.6872,0.6994,0.0855,0.0918,0.2069,0.2069,0.1125,0.000934820325994545,0.1125,0.05263157894736842,0.2069,0.1168,0.0135,0.0136,0.0,0.0136,0.9771,0.0,0.0,0.9771,0.0682871182871183,0.0,0.9772,0.07540634872572573,0.0,0.0,0.0,0.05263157894736842,0.2728432899384548,0.0,0.0738,0.0,0.0726,0.0,0.014367816091954023,0.014534883720930232,0.0,0.0742,0.0,0.0,0.0,0.0333820111245717,0.0,0.0,0.0,0.0,0.0,0.0,0.0,0.0,0.0,0.0,0.0,0.0,0.0
407475,0.5971631093494884,0.2720260304513498,0.5183177172283882,0.6654453213077789,0.5,0.5,0.972488536890371,0.9480428704566636,0.0,1.0,0.04366640132583419,0.3333,0.3333,0.986709767658168,1.0,0.3333,0.0,0.9864218547341116,0.10774410774410774,0.09890109890109891,0.3928798914398072,0.08,0.08,0.1016,0.0,0.1035,0.0806,0.1061,0.10674157303370785,0.2083,0.1059,0.2083,0.2866,0.2894,0.0,0.2083,0.292,0.0,0.0,0.4782608695652174,0.0,0.0,0.0756,0.7585,0.7552,0.7648,0.0761,0.0771,0.069,0.069,0.0134,0.001050230242783995,0.0134,0.05263157894736842,0.069,0.0139,0.0211,0.0208,0.04,0.019,0.9876,0.0212,0.0216,0.9876,0.0965952965952966,0.0224,0.9876,0.0945987636001864,0.0,0.0,0.0,0.10526315789473684,0.3298798922645464,0.0,0.0181,0.0,0.0178,0.0,0.0,0.0,0.0,0.0182,0.0,0.0,0.0,0.03749479857955103,0.0,0.0,0.0,0.0,0.0,0.0,0.0,0.0,0.0,0.0,0.0,0.0,0.0
146380,0.7659057942567989,0.7311945756202388,0.5183177172283882,0.26042841037204045,0.5,0.5,0.4339308045018757,0.8254892823858341,0.0,0.0,0.9999999999999999,0.1667,0.1667,0.6173393814047976,0.0,0.1667,0.0,0.5536235408560312,0.10213243546576879,0.09890109890109891,0.2604752277825473,0.0,0.0,0.0745,0.0,0.0749,0.0,0.0688,0.11892134831460674,0.2083,0.0731,0.2083,0.0876,0.0864,1.0,0.2083,0.084,0.0,1.0,0.34782608695652173,0.0,0.0,0.0756,0.7585,0.7552,0.7648,0.0761,0.0771,0.1379,0.1379,0.0763,0.000704000492415645,0.0758,0.0,0.1379,0.0746,0.0211,0.0208,0.16,0.019,0.9816,0.0036,0.0031,0.9816,0.09201474201474201,0.0011,0.9816,0.12432035052383038,0.0,0.0,0.0,0.05263157894736842,0.2568190468974046,0.0,0.0487,0.0,0.0481,0.0,0.0,0.0,0.0,0.0458,0.0,0.0,0.0,0.05690715536705348,0.0,0.0,0.0,0.0,0.0,0.0,0.0,0.0,0.0,0.0,0.0,0.0,0.0
189867,0.7339693330902674,0.4790646785344902,0.5183177172283882,0.25760992108229974,0.5,0.5,0.4947894956231763,1.0,0.0,0.0,0.9999999999999999,0.1667,0.1667,0.6182289352109985,1.0,0.1667,0.0,0.7462305447470817,0.21436588103254767,0.09890109890109891,0.25632113877426677,0.0,0.0,0.0745,0.0,0.0749,0.0,0.0688,0.24017977528089887,0.2083,0.0731,0.2083,0.0876,0.0864,0.0,0.2083,0.084,0.0,0.0,0.6956521739130435,0.0,0.0,0.0756,0.7585,0.7552,0.7648,0.0761,0.0771,0.1379,0.1379,0.0763,0.0008578803814682451,0.0758,0.0,0.1379,0.0746,0.0211,0.0208,0.0,0.019,0.9816,0.0036,0.0031,0.9816,0.16058266058266057,0.0011,0.9816,0.18093289704505697,0.0,0.0,0.0,0.05263157894736842,0.19953540087036148,0.0,0.0487,0.0,0.0481,0.0,0.0,0.0,0.0,0.0458,0.0,0.0,0.0,0.09425739632155272,0.0,0.0,0.0,0.0,0.0,0.0,0.0,0.0,0.0,0.0,0.0,0.0,0.0
180541,0.8204447447715139,0.6167615598254098,0.5183177172283882,0.8152762119503945,0.5,0.5,0.5475892733083229,0.7921714818266543,0.0,1.0,0.04328274458117472,0.3333,0.3333,0.9874433979368543,1.0,0.3333,0.0,0.9935554474708171,0.05387205387205388,0.13186813186813187,0.3367581489379379,0.16,0.16,0.1506,0.0,0.1533,0.1611,0.1541,0.06633483146067415,0.0417,0.1569,0.0417,0.1495,0.1509,0.0,0.0417,0.1523,0.0,1.0,0.6956521739130435,0.0,1.0,0.1219,0.7652,0.762,0.7713,0.124,0.1331,0.1379,0.1379,0.0,0.000934820325994545,0.0,0.05263157894736842,0.1379,0.0,0.0211,0.0208,0.16,0.019,0.9826,0.0,0.0,0.9826,0.08992628992628993,0.0,0.9826,0.097317689040735,0.0,0.0,0.0,0.10526315789473684,0.560268975435231,0.0,0.0753,0.0,0.074,0.0,0.0,0.0,0.0,0.0757,0.0,0.0,0.0,0.027102607238309255,0.0,0.0,0.0,0.0,0.0,0.0,0.0,0.0,1.0,0.0,0.0,0.0,0.0
